city,found name,geometry,country,mean_raininess
Munich,Munich,POINT (11.5258 48.15457),DE,2.731934306569343
London,London,POINT (-0.144055305103075 51.4893338084221),GB,2.0164233576642334
Kyoto,Kyoto,POINT (135.755607113242 35.0210405141115),JP,5.004197080291971
Oslo,Oslo,POINT (10.775728858116 59.9723978340626),NO,2.245985401459854
Seattle,Seattle,POINT (-122.313062421052 47.6189685612917),US,2.976824817518248
