country,city,mean_raininess
DE,Munich,2.731934306569343
GB,London,2.0164233576642334
JP,Kyoto,5.004197080291971
NO,Oslo,2.245985401459854
US,Seattle,2.976824817518248
